Protein_IDs,Progulon_ID,Mean_RF_score,Score_StDev,Training_label,Used_for_positive_training,Feature_count,Protein_names,Gene_names,Summed_intensities,prot_in_prn,Manual_annotation,Highlight_genes
Q99471,P13,0.873336797456806,0.038470256864186,Positive,Used,222,Prefoldin subunit 5,PFDN5,102088492041,yes,Prefoldin,
P61758,P13,0.842606027950801,0.040723021859285,Positive,Used,231,Prefoldin subunit 3,VBP1,105287459510,yes,Prefoldin,
O15212,P13,0.832129815469268,0.042607241618265,Positive,Used,230,Prefoldin subunit 6,PFDN6,44643237281,yes,Prefoldin,
Q9UHV9,P13,0.777348805397467,0.05674634206906,Positive,Used,237,Prefoldin subunit 2,PFDN2,105112170450,yes,Prefoldin,
P31948;P31948-2;P31948-3,P13,0.754416561203348,0.067348602226422,Positive,Used,294,Stress-induced-phosphoprotein 1,STIP1,1327734784500,yes,Heat shock proteins,
Q13347,P13,0.721862261560559,0.072617789548682,,,259,Eukaryotic translation initiation factor 3 subunit I,EIF3I,237983284882,yes,Translation factors,
P28066;P28066-2,P13,0.712427810778234,0.079760262791835,,,266,Proteasome subunit alpha type-5,PSMA5,428663912797,yes,"Proteasome, core",
P50991,P13,0.711354833814796,0.07286303933443,,,293,T-complex protein 1 subunit delta,CCT4,1064331817440,yes,TRiC,
P78371,P13,0.711083115946042,0.067510595064867,,,294,T-complex protein 1 subunit beta,CCT2,1215379133000,yes,TRiC,
P25788-2;P25788,P13,0.697020920951468,0.08503848532299,,,241,Proteasome subunit alpha type-3,PSMA3,321558455560,yes,"Proteasome, core",
P25789;P25789-2,P13,0.695301822986469,0.084987422414896,,,269,Proteasome subunit alpha type-4,PSMA4,359031124817,yes,"Proteasome, core",
P34932,P13,0.694420002775113,0.069974712625075,,,293,Heat shock 70 kDa protein 4,HSPA4,909455172600,yes,Heat shock proteins,
P24534,P13,0.693373661637071,0.077976416554882,,,254,Elongation factor 1-beta,EEF1B2,405888770640,yes,Translation factors,
Q9Y266,P13,0.69131501744848,0.070466720176006,,,266,Nuclear migration protein nudC,NUDC,346184444150,yes,,
P22392-2,P13,0.685267721131446,0.069257917351711,,,294,Nucleoside diphosphate kinase B,NME2,2290993074600,yes,,
Q9UQ80;Q9UQ80-2,P13,0.67976874586731,0.079764865617345,,,292,Proliferation-associated protein 2G4,PA2G4,898538657770,yes,,
P25787,P13,0.67758406488845,0.08923814525636,,,244,Proteasome subunit alpha type-2,PSMA2,343824582040,yes,"Proteasome, core",
P60900;P60900-2;P60900-3,P13,0.677542362228409,0.086632309775511,,,262,Proteasome subunit alpha type-6,PSMA6,414204881520,yes,"Proteasome, core",
O60925,P13,0.673954634267597,0.073798543116028,Positive,Used,213,Prefoldin subunit 1,PFDN1,43887938860,yes,Prefoldin,
P25786;P25786-2,P13,0.671894141317159,0.092938075549561,,,257,Proteasome subunit alpha type-1,PSMA1,426672196970,yes,"Proteasome, core",
P50990;P50990-2,P13,0.667070736168703,0.083322496257887,,,294,T-complex protein 1 subunit theta,CCT8,1374840731700,yes,TRiC,
O14818,P13,0.666788730444456,0.089790499147545,,,280,Proteasome subunit alpha type-7,PSMA7,474803625145,yes,"Proteasome, core",
Q15056,P13,0.658881884776966,0.077050147624005,,,288,Eukaryotic translation initiation factor 4H,EIF4H,320126401150,yes,Translation factors,
P20618,P13,0.650013063723071,0.091963684949279,,,233,Proteasome subunit beta type-1,PSMB1,457355297270,yes,"Proteasome, core",
Q13200;Q13200-3;Q13200-2,P13,0.647976226350803,0.076702905304002,,,287,26S proteasome non-ATPase regulatory subunit 2,PSMD2,616505033270,yes,"Proteasome, regulatory",
O00231;O00231-2,P13,0.645712796636302,0.103116004174226,,,290,26S proteasome non-ATPase regulatory subunit 11,PSMD11,418434794180,yes,"Proteasome, regulatory",
Q15819,P13,0.644452237583228,0.083402932194112,,,244,Ubiquitin-conjugating enzyme E2 variant 2,UBE2V2,169499108000,yes,,
Q9NTK5,P13,0.642290869580396,0.075032062784988,,,287,Obg-like ATPase 1,OLA1,313694677990,yes,,
P26641;P26641-2,P13,0.639967408756005,0.093502955921307,,,294,Elongation factor 1-gamma,EEF1G,1539165567600,yes,Translation factors,
P41091;Q2VIR3;Q2VIR3-2,P13,0.636047831182005,0.077276312801066,,,289,Eukaryotic translation initiation factor 2 subunit 3;Putative eukaryotic translation initiation factor 2 subunit 3-like protein,EIF2S3;EIF2S3L,470546144000,yes,Translation factors,
Q14974;Q14974-2,P13,0.634437972340884,0.080372964779694,,,294,Importin subunit beta-1,KPNB1,964520927220,yes,Nuclear import/export,
Q99460;Q99460-2,P13,0.633658868327285,0.088582216118734,,,277,26S proteasome non-ATPase regulatory subunit 1,PSMD1,291759865218,yes,"Proteasome, regulatory",
P49721,P13,0.632721315217132,0.093736222593491,,,249,Proteasome subunit beta type-2,PSMB2,309929460100,yes,"Proteasome, core",
P55036;P55036-2,P13,0.631759549613575,0.086651328198207,Positive,Used,267,26S proteasome non-ATPase regulatory subunit 4,PSMD4,124250884849,yes,"Proteasome, regulatory",
P49720,P13,0.630013859524857,0.097951165208212,,,229,Proteasome subunit beta type-3,PSMB3,237638504730,yes,"Proteasome, core",
P07900-2;P07900,P13,0.629737957983537,0.091033200431804,,,294,Heat shock protein HSP 90-alpha,HSP90AA1,3501966965900,yes,Heat shock proteins,
P15531;P15531-2,P13,0.629675447679849,0.06470869730557,,,229,Nucleoside diphosphate kinase A,NME1,141875343981,yes,,
P31946,P13,0.627863716918947,0.083657093395025,,,289,"14-3-3 protein beta/alpha;14-3-3 protein beta/alpha, N-terminally processed",YWHAB,803467366530,yes,,
P48643;P48643-2,P13,0.626347284628809,0.076168085956221,,,292,T-complex protein 1 subunit epsilon,CCT5,1098769478700,yes,TRiC,
P54578;P54578-2;P54578-3,P13,0.624028716255041,0.091294529784441,,,289,Ubiquitin carboxyl-terminal hydrolase 14,USP14,184588124840,yes,"Proteasome, regulatory",
P55884-2;P55884,P13,0.622790845930949,0.08728901547585,,,291,Eukaryotic translation initiation factor 3 subunit B,EIF3B,488198329650,yes,Translation factors,
P63241;P63241-2,P13,0.622213953807021,0.081268923355284,,,291,Eukaryotic translation initiation factor 5A-1,EIF5A,1041563774690,yes,Translation factors,
P09132,P13,0.615026100920137,0.063473367208019,,,192,Signal recognition particle 19 kDa protein,SRP19,24474724107,yes,,
Q58FF8,P13,0.614558436043943,0.104373279937869,,,272,Putative heat shock protein HSP 90-beta 2,HSP90AB2P,247657494300,yes,Heat shock proteins,
P62495;P62495-2,P13,0.61360142341191,0.079799298930949,,,280,Eukaryotic peptide chain release factor subunit 1,ETF1,167282455510,yes,Translation factors,
P56192;P56192-2,P13,0.613306122004683,0.084309252821305,,,278,"Methionine--tRNA ligase, cytoplasmic",MARS,258489972847,yes,,
Q00688,P13,0.611289048231317,0.079224553345388,,,268,Peptidyl-prolyl cis-trans isomerase FKBP3,FKBP3,301898265930,yes,Prolyl isomerase,
O75347;O75347-2,P13,0.611259732804154,0.101883487961517,,,247,Tubulin-specific chaperone A,TBCA,199768268350,yes,Tubulins & tub. chaperones,
P62258;P62258-2,P13,0.60689909590536,0.090118849189785,,,294,14-3-3 protein epsilon,YWHAE,1767016334100,yes,,
P40227;P40227-2,P13,0.603579877811288,0.08110898723259,,,294,T-complex protein 1 subunit zeta,CCT6A,1053031230600,yes,TRiC,
O75821,P13,0.603494956777801,0.086377033607358,,,272,Eukaryotic translation initiation factor 3 subunit G,EIF3G,133329269540,yes,Translation factors,
P08238,P13,0.603171880500145,0.086543814424437,,,294,Heat shock protein HSP 90-beta,HSP90AB1,9751293793500,yes,Heat shock proteins,
P51665,P13,0.600814598906344,0.110907658932156,,,268,26S proteasome non-ATPase regulatory subunit 7,PSMD7,189157264037,yes,Heat shock proteins,
P49368,P13,0.600545050485939,0.08102466715834,,,294,T-complex protein 1 subunit gamma,CCT3,1232618173100,yes,TRiC,
Q15046,P13,0.599938519976919,0.090074170898464,,,281,Lysine--tRNA ligase,KARS,403833967250,yes,,
P68104;Q5VTE0;P68104-2,P13,0.599109867816974,0.092004766533514,,,294,Elongation factor 1-alpha 1;Putative elongation factor 1-alpha-like 3,EEF1A1;EEF1A1P5,8121851037000,yes,Translation factors,
Q9Y3C6,P13,0.598369969328799,0.076126165339625,,,245,Peptidyl-prolyl cis-trans isomerase-like 1,PPIL1,52487611320,yes,Prolyl isomerase,
Q53FT3,P13,0.597036322373403,0.090817112627945,,,170,Protein Hikeshi,C11orf73,13853058200,yes,Nuclear import/export,
Q9ULC4;Q9ULC4-3,P13,0.59691275974328,0.092713940291464,,,253,Malignant T-cell-amplified sequence 1,MCTS1,102778200314,yes,,
Q15370,P13,0.595893146097678,0.078608426752513,,,240,Transcription elongation factor B polypeptide 2,TCEB2,125060269580,yes,,TCEB2
P60866;P60866-2,P13,0.595746161816742,0.092482025003377,,,290,40S ribosomal protein S20,RPS20,483842791420,yes,Ribosome 40S,
Q96FW1,P13,0.594088401589907,0.079028718457416,,,282,Ubiquitin thioesterase OTUB1,OTUB1,234839582820,yes,,
Q15369;Q15369-2,P13,0.592632841830918,0.080055956480697,,,222,Transcription elongation factor B polypeptide 1,TCEB1,90761485275,yes,,TCEB1
Q9UL46,P13,0.591635694880779,0.080869522202491,,,265,Proteasome activator complex subunit 2,PSME2,355394710576,yes,"Proteasome, regulatory",
Q9BXR0;Q9BXR0-2,P13,0.591260140441184,0.066041083366692,,,173,Queuine tRNA-ribosyltransferase,QTRT1,10358175950,yes,,
Q99832;Q99832-3;Q99832-4;Q99832-2,P13,0.590817703195256,0.085929443242273,,,293,T-complex protein 1 subunit eta,CCT7,1014210978100,yes,TRiC,
Q86U42-2;Q86U42,P13,0.589129070492405,0.085094177540693,,,282,Polyadenylate-binding protein 2,PABPN1,58492755090,yes,,
P15880,P13,0.588755236765873,0.088629172995079,,,277,40S ribosomal protein S2,RPS2,826413006500,yes,Ribosome 40S,
Q99426,P13,0.587653963355437,0.083424874586435,,,270,Tubulin-folding cofactor B,TBCB,77695626912,yes,Tubulins & tub. chaperones,
O00410;O00410-3,P13,0.586987861317635,0.081831514489713,,,287,Importin-5,IPO5,607469555020,yes,Nuclear import/export,
O43583,P13,0.586882076207369,0.078029774036451,,,220,Density-regulated protein,DENR,38559589090,yes,Translation factors,
P48556,P13,0.585602322683362,0.102551764813575,,,250,26S proteasome non-ATPase regulatory subunit 8,PSMD8,138451722365,yes,"Proteasome, regulatory",
P46781,P13,0.584623497779269,0.084226381911628,,,275,40S ribosomal protein S9,RPS9,1177254414318,yes,Ribosome 40S,
Q92973-2;Q92973;Q92973-3,P13,0.584599040626551,0.077154667138634,,,290,Transportin-1,TNPO1,305051292200,yes,Nuclear import/export,
Q9HD42,P13,0.583420953071215,0.07257314754682,,,199,Charged multivesicular body protein 1a,CHMP1A,27042040441,yes,,
P46776,P13,0.58304589862422,0.097211639522498,,,279,60S ribosomal protein L27a,RPL27A,427447456050,yes,Ribosome 60S,
Q9Y265;Q9Y265-2,P13,0.581871451309195,0.080026357763292,,,293,RuvB-like 1,RUVBL1,387026564820,yes,R2TP/PFDL complex,
Q07020;Q07020-2,P13,0.580355704736178,0.086824006343166,,,282,60S ribosomal protein L18,RPL18,659403341740,yes,Ribosome 60S,
P20042,P13,0.579958115859631,0.086815394677186,,,265,Eukaryotic translation initiation factor 2 subunit 2,EIF2S2,169408627560,yes,Translation factors,
Q7L1Q6-4,P13,0.579782305180779,0.077342909662882,,,283,Basic leucine zipper and W2 domain-containing protein 1,BZW1,226281692900,yes,,
P17987,P13,0.579304566978851,0.087193400648672,,,294,T-complex protein 1 subunit alpha,TCP1,987590790900,yes,TRiC,
P11142;P11142-2,P13,0.579128123337086,0.108210044957711,,,294,Heat shock cognate 71 kDa protein,HSPA8,8426855896000,yes,Heat shock proteins,
Q9Y230;Q9Y230-2,P13,0.578280771397338,0.079840340927532,,,293,RuvB-like 2,RUVBL2,346805081030,yes,R2TP/PFDL complex,
P41227;P41227-2,P13,0.578037712729552,0.079192657397632,,,236,N-alpha-acetyltransferase 10,NAA10,66807854470,yes,,
Q02878,P13,0.577786794374883,0.096156242293239,,,271,60S ribosomal protein L6,RPL6,991959368570,yes,Ribosome 60S,
Q5VIR6-4;Q5VIR6;Q5VIR6-3,P13,0.577424626990991,0.060237728482198,,,181,Vacuolar protein sorting-associated protein 53 homolog,VPS53,6743618350,yes,,
Q12904;Q12904-2,P13,0.577011654255632,0.093113772523078,,,262,Aminoacyl tRNA synthase complex-interacting multifunctional protein 1;Endothelial monocyte-activating polypeptide 2,AIMP1,150041280220,yes,,
P06730;P06730-3;P06730-2,P13,0.576619688884097,0.076337349324187,,,252,Eukaryotic translation initiation factor 4E,EIF4E,92332734910,yes,Translation factors,
P62249,P13,0.576149607132525,0.091080606117854,,,289,40S ribosomal protein S16,RPS16,700144620060,yes,Ribosome 40S,
P78406,P13,0.57597909500122,0.10093719894978,,,262,mRNA export factor,RAE1,48300007250,yes,Nuclear import/export,
P61088,P13,0.575646334113672,0.074155598935617,,,272,Ubiquitin-conjugating enzyme E2 N,UBE2N,357488986970,yes,,
O76003,P13,0.57533551753401,0.074042497883022,,,283,Glutaredoxin-3,GLRX3,247923391010,yes,,
P55735;P55735-3,P13,0.573064348142102,0.085980022194516,,,278,Protein SEC13 homolog,SEC13,121000175200,yes,,
O14579;O14579-3;O14579-2,P13,0.572505224668204,0.076561583643122,,,269,Coatomer subunit epsilon,COPE,179075794157,yes,,
Q02790,P13,0.571902036788324,0.091646255758752,,,290,"Peptidyl-prolyl cis-trans isomerase FKBP4;Peptidyl-prolyl cis-trans isomerase FKBP4, N-terminally processed",FKBP4,666450539420,yes,Prolyl isomerase,
P61960;P61960-2,P13,0.571872532069276,0.074702498196505,,,230,Ubiquitin-fold modifier 1,UFM1,56398912053,yes,,
P49773,P13,0.571559507136286,0.08601882231228,,,262,Histidine triad nucleotide-binding protein 1,HINT1,266457910100,yes,,
Q9Y4E8;Q9Y4E8-2;Q9Y4E8-3,P13,0.570522922336803,0.07144589882673,,,262,Ubiquitin carboxyl-terminal hydrolase 15,USP15,37599556930,yes,,
O43390;O43390-3,P13,0.569730872230119,0.085680111958107,,,293,Heterogeneous nuclear ribonucleoprotein R,HNRNPR,590681822700,yes,hnRNPs,
Q9UNH7;Q9UNH7-2,P13,0.569623394610666,0.079470630941896,,,263,"Sorting nexin-6;Sorting nexin-6, N-terminally processed",SNX6,58094768080,yes,,
O75312,P13,0.568890441994326,0.069701476440926,,,212,Zinc finger protein ZPR1,ZPR1,17550402350,yes,,
P62241,P13,0.567978229277097,0.093736360303325,,,285,40S ribosomal protein S8,RPS8,836337367060,yes,Ribosome 40S,
P63244,P13,0.567766302543876,0.086774615282469,,,293,"Guanine nucleotide-binding protein subunit beta-2-like 1;Guanine nucleotide-binding protein subunit beta-2-like 1, N-terminally processed",GNB2L1,1228143530300,yes,,
P30050;P30050-2,P13,0.566543059046194,0.094641460122928,,,291,60S ribosomal protein L12,RPL12,486153176780,yes,Ribosome 60S,
P61970,P13,0.566348555373294,0.080180101466463,,,215,Nuclear transport factor 2,NUTF2,144115360500,yes,Nuclear import/export,
P08195-2,P13,0.565952180156337,0.091208744850902,,,270,4F2 cell-surface antigen heavy chain,SLC3A2,813522231015,yes,,
Q96Q15;Q96Q15-2;Q96Q15-3;Q96Q15-4,P13,0.5654940282767,0.057384525757596,,,158,Serine/threonine-protein kinase SMG1,SMG1,6232499289,yes,,
P30519,P13,0.564926119972968,0.077790850115883,,,226,Heme oxygenase 2,HMOX2,104497178718,yes,,
Q9NT62;Q9NT62-2,P13,0.564753008867809,0.086168434991592,,,236,Ubiquitin-like-conjugating enzyme ATG3,ATG3,32618876674,yes,,
Q3MHD2;Q3MHD2-2,P13,0.564608898989271,0.096341424580631,,,175,Protein LSM12 homolog,LSM12,8407143922,yes,,
Q99436,P13,0.563129105603777,0.073095105064918,,,213,Proteasome subunit beta type-7,PSMB7,132393709289,yes,"Proteasome, core",
P13639,P13,0.561859625860509,0.084631386081385,,,294,Elongation factor 2,EEF2,5991145344900,yes,Translation factors,
P36578,P13,0.561149499339141,0.100137185259702,,,291,60S ribosomal protein L4,RPL4,1310767577800,yes,Ribosome 60S,
P28070,P13,0.560694183234266,0.099197771649826,,,232,Proteasome subunit beta type-4,PSMB4,210689314443,yes,"Proteasome, core",
Q7L5N1,P13,0.559984147413598,0.075166331708557,,,238,COP9 signalosome complex subunit 6,COPS6,61556413515,yes,,
Q99614,P13,0.559894048693792,0.075895564819745,,,211,Tetratricopeptide repeat protein 1,TTC1,29051136500,yes,,
Q99497,P13,0.558739470493718,0.085135964233981,,,256,Protein DJ-1,PARK7,707434963580,yes,,
P49588;P49588-2,P13,0.558335305583882,0.094744877073444,,,293,"Alanine--tRNA ligase, cytoplasmic",AARS,578237944900,yes,,
Q9Y224,P13,0.55700641959277,0.09634464994648,,,277,UPF0568 protein C14orf166,C14orf166,222655630990,yes,,
O94903,P13,0.556809514301726,0.074012854813779,,,208,Proline synthase co-transcribed bacterial homolog protein,PROSC,50321559730,yes,,
Q99729-3;Q99729-2,P13,0.556715621712383,0.082882527329418,,,292,Heterogeneous nuclear ribonucleoprotein A/B,HNRNPAB,424063036168,yes,hnRNPs,
Q13177,P13,0.555610758798485,0.079080015212446,,,286,Serine/threonine-protein kinase PAK 2;PAK-2p27;PAK-2p34,PAK2,193622204380,yes,,
Q9H3K6;Q9H3K6-2,P13,0.555209053450682,0.090808145254677,,,281,BolA-like protein 2,BOLA2,104886397820,yes,,
P50395,P13,0.554904824365944,0.091465765306346,,,291,Rab GDP dissociation inhibitor beta,GDI2,1600421170000,yes,,
P54577,P13,0.554501127937864,0.111481888659281,,,280,"Tyrosine--tRNA ligase, cytoplasmic;Tyrosine--tRNA ligase, cytoplasmic, N-terminally processed",YARS,361718773697,yes,,
Q9Y333,P13,0.553911338420046,0.074595808157201,,,233,U6 snRNA-associated Sm-like protein LSm2,LSM2,51612402166,yes,LSm,
Q08752,P13,0.553652862804188,0.064041987411015,,,250,Peptidyl-prolyl cis-trans isomerase D,PPID,48942675773,yes,Prolyl isomerase,
Q13509;Q13509-2,P13,0.553423348774937,0.081599488412668,,,276,Tubulin beta-3 chain,TUBB3,217489541441,yes,Tubulins & tub. chaperones,
Q9Y237-2;Q9Y237;Q9Y237-3,P13,0.553395631036683,0.063739496322231,,,192,Peptidyl-prolyl cis-trans isomerase NIMA-interacting 4,PIN4,37362308410,yes,Prolyl isomerase,
O15160;O15160-2,P13,0.552813190762041,0.07215947179407,,,247,DNA-directed RNA polymerases I and III subunit RPAC1,POLR1C,31566576290,yes,,
P50914,P13,0.552388941638796,0.082814667987145,,,277,60S ribosomal protein L14,RPL14,364117018340,yes,Ribosome 60S,
Q9H446;Q9H446-2,P13,0.551418966556105,0.062974646479905,,,176,RWD domain-containing protein 1,RWDD1,8601591290,yes,,
P62191,P13,0.550698015603262,0.109177207052923,,,277,26S protease regulatory subunit 4,PSMC1,229815205970,yes,"Proteasome, regulatory",
P25685,P13,0.550154274250066,0.065702195393354,,,283,DnaJ homolog subfamily B member 1,DNAJB1,91283483580,yes,,
O60884,P13,0.549996837494811,0.100127559294651,,,264,DnaJ homolog subfamily A member 2,DNAJA2,100687592750,yes,,
Q8N5M4,P13,0.549749241753014,0.062050191570789,,,196,Tetratricopeptide repeat protein 9C,TTC9C,12810151440,yes,,
O60506;O60506-2,P13,0.549728387005423,0.093670952359438,,,294,Heterogeneous nuclear ribonucleoprotein Q,SYNCRIP,509660147000,yes,hnRNPs,
O43592,P13,0.549061146064517,0.078055321557141,,,274,Exportin-T,XPOT,111511275620,yes,Nuclear import/export,
Q15366-2,P13,0.549008190895652,0.095559072309901,,,294,Poly(rC)-binding protein 2,PCBP2,738885376110,yes,,
Q9Y508;Q9Y508-2,P13,0.548841262632222,0.064536360457604,,,191,E3 ubiquitin-protein ligase RNF114,RNF114,7672200903,yes,,
P31946-2,P13,0.54739390763503,0.073684519130043,,,179,"14-3-3 protein beta/alpha;14-3-3 protein beta/alpha, N-terminally processed",YWHAB,24673192109,yes,,
Q6UWE0;Q6UWE0-2,P13,0.547148542869067,0.07414462470055,,,190,E3 ubiquitin-protein ligase LRSAM1,LRSAM1,8285445633,yes,,
O00233;O00233-2,P13,0.546957120938283,0.077569369371772,,,245,26S proteasome non-ATPase regulatory subunit 9,PSMD9,69881258900,yes,"Proteasome, regulatory",
Q9BWJ5,P13,0.546771094800018,0.079282812019901,,,208,Splicing factor 3B subunit 5,SF3B5,22466184995,yes,,
Q86TU7;Q86TU7-3;Q86TU7-2,P13,0.546660212779317,0.073391792396542,,,181,Histone-lysine N-methyltransferase setd3,SETD3,15845563480,yes,,
P31942-2;P31942;P31942-3,P13,0.546326521811771,0.09775841363613,,,293,Heterogeneous nuclear ribonucleoprotein H3,HNRNPH3,160419227910,yes,hnRNPs,
P38646,P13,0.546165904647448,0.07693867571529,,,291,"Stress-70 protein, mitochondrial",HSPA9,2127887510700,yes,Heat shock proteins,
Q9NR45,P13,0.545890623083019,0.07561841897653,,,287,Sialic acid synthase,NANS,177042630220,yes,,
P05387,P13,0.544957551890661,0.094776544177744,,,236,60S acidic ribosomal protein P2,RPLP2,511052695470,yes,Ribosome 60S,
Q16774,P13,0.544451476589648,0.058295037704722,,,108,Guanylate kinase,GUK1,1052035420,yes,,
P31939;P31939-2,P13,0.544390808328153,0.090239751441195,,,289,Bifunctional purine biosynthesis protein PURH;Phosphoribosylaminoimidazolecarboxamide formyltransferase;IMP cyclohydrolase,ATIC,645299148800,yes,,
Q7L2H7;Q7L2H7-2,P13,0.544118012917141,0.090002580593283,,,253,Eukaryotic translation initiation factor 3 subunit M,EIF3M,165240864286,yes,Translation factors,
Q92900,P13,0.543808011297846,0.084371235762311,,,274,Regulator of nonsense transcripts 1,UPF1,248578033660,yes,,
P63279,P13,0.543689785927187,0.099804988961958,,,251,SUMO-conjugating enzyme UBC9,UBE2I,195651722570,yes,,
Q9GZZ9;Q9GZZ9-2,P13,0.54366685583394,0.100524770021608,,,194,Ubiquitin-like modifier-activating enzyme 5,UBA5,15846839450,yes,,
Q15382,P13,0.543531373942832,0.075982613576966,,,211,GTP-binding protein Rheb,RHEB,27857352250,yes,,
Q16543,P13,0.543355551459019,0.099334040052219,,,292,"Hsp90 co-chaperone Cdc37;Hsp90 co-chaperone Cdc37, N-terminally processed",CDC37,230179364200,yes,Heat shock proteins,
P08397;P08397-2;P08397-3;P08397-4,P13,0.543267186427515,0.077027349334264,,,240,Porphobilinogen deaminase,HMBS,31173934500,yes,,
Q9NUG6,P13,0.543171566202391,0.062100429763164,,,121,p53 and DNA damage-regulated protein 1,PDRG1,1710216900,yes,R2TP/PFDL complex,
P49591,P13,0.542990483331939,0.094167804972731,,,289,"Serine--tRNA ligase, cytoplasmic",SARS,236110571920,yes,,
Q9UHY7,P13,0.54261353350829,0.060410274974391,,,205,Enolase-phosphatase E1,ENOPH1,25982454190,yes,,
P13010,P13,0.542580946789774,0.088265873925448,,,292,X-ray repair cross-complementing protein 5,XRCC5,1559348414900,yes,,
P61313,P13,0.542338929312919,0.091901398593062,,,266,60S ribosomal protein L15,RPL15,477308410599,yes,Ribosome 60S,
Q15843,P13,0.542271209776043,0.081701988092729,,,236,NEDD8,NEDD8,39842665110,yes,,
O00422,P13,0.541003473749216,0.077024324929927,,,194,Histone deacetylase complex subunit SAP18,SAP18,14793779031,yes,,
P26373;P26373-2,P13,0.540323368059757,0.096900138362759,,,287,60S ribosomal protein L13,RPL13,581303132400,yes,Ribosome 60S,
P62195;P62195-2,P13,0.539615463956282,0.112578768298454,,,282,26S protease regulatory subunit 8,PSMC5,263502744506,yes,"Proteasome, regulatory",
Q9H074;Q9H074-2,P13,0.539366918188245,0.079997653976684,,,189,Polyadenylate-binding protein-interacting protein 1,PAIP1,27477804390,yes,,
Q92879-2;Q92879-3;Q92879;Q92879-6,P13,0.539007837257443,0.098195164914626,,,243,CUGBP Elav-like family member 1,CELF1,38818021780,yes,,
P60174-1;P60174-4,P13,0.538797344723085,0.095824585777224,,,290,Triosephosphate isomerase,TPI1,3347319911500,yes,,
Q05048,P13,0.538159944516713,0.094492208735015,,,251,Cleavage stimulation factor subunit 1,CSTF1,42645401290,yes,,
Q9H3H3-2;Q9H3H3-3;Q9H3H3,P13,0.537520783841469,0.086685726541482,,,177,UPF0696 protein C11orf68,C11orf68,26308265240,yes,,
Q9NQP4,P13,0.537102952103973,0.086153778182296,,,179,Prefoldin subunit 4,PFDN4,19334466110,yes,Prefoldin,
Q16864-2;Q16864,P13,0.537080433084933,0.0952518140853,,,194,V-type proton ATPase subunit F,ATP6V1F,10566722577,yes,,
Q8WTS6,P13,0.536740090013826,0.058143241474788,,,96,Histone-lysine N-methyltransferase SETD7,SETD7,7164028770,yes,,
O00629,P13,0.536133138729367,0.073015822124811,,,280,Importin subunit alpha-3,KPNA4,82877933428,yes,Nuclear import/export,
P45974-2;P45974,P13,0.535954762302893,0.099837700237145,,,292,Ubiquitin carboxyl-terminal hydrolase 5,USP5,233809598640,yes,,
P56537,P13,0.535195611291553,0.08709710503733,,,278,Eukaryotic translation initiation factor 6,EIF6,232893946420,yes,Translation factors,
Q13442,P13,0.535182470832634,0.098631952451885,,,235,28 kDa heat- and acid-stable phosphoprotein,PDAP1,89527244150,yes,,
P05388;Q8NHW5,P13,0.534801058831685,0.098333484999457,,,277,60S acidic ribosomal protein P0;60S acidic ribosomal protein P0-like,RPLP0;RPLP0P6,978882518317,yes,Ribosome 60S,
P00441,P13,0.534735697413423,0.090618053881557,,,224,Superoxide dismutase [Cu-Zn],SOD1,212852891340,yes,,
P53611,P13,0.534091121623956,0.062734707367622,,,193,Geranylgeranyl transferase type-2 subunit beta,RABGGTB,10886782820,yes,,
Q9HB07,P13,0.533918838478875,0.065234195544121,,,245,"UPF0160 protein MYG1, mitochondrial",C12orf10,71391010540,yes,,
P61011;P61011-2,P13,0.533908507742662,0.075217978674073,,,245,Signal recognition particle 54 kDa protein,SRP54,86081315110,yes,,
P35606;P35606-2,P13,0.533821241897357,0.083857093015804,,,289,Coatomer subunit beta,COPB2,474528031060,yes,,
Q86VV8;Q86VV8-3,P13,0.533361882061296,0.080534583768413,,,197,Rotatin,RTTN,56416116706,yes,,
Q9UHY1,P13,0.532790423975171,0.102433359774624,,,252,Nuclear receptor-binding protein,NRBP1,44752402930,yes,,
O14737;O14737-2,P13,0.532342507698966,0.094403854867293,,,235,Programmed cell death protein 5,PDCD5,108525789300,yes,,
Q16531,P13,0.532176366838745,0.096920536658544,,,290,DNA damage-binding protein 1,DDB1,761484427280,yes,,
P08865,P13,0.531489501470837,0.097698692595792,,,290,40S ribosomal protein SA,RPSA,1388507852100,yes,Ribosome 40S,
Q9BUL8,P13,0.531462869773533,0.093115556983762,,,224,Programmed cell death protein 10,PDCD10,59144090540,yes,,
P28072,P13,0.531270231084121,0.075710749424759,,,234,Proteasome subunit beta type-6,PSMB6,198320987010,yes,"Proteasome, core",
Q9BPX5,P13,0.530834604287186,0.086992195603981,,,203,Actin-related protein 2/3 complex subunit 5-like protein,ARPC5L,56636826540,yes,,
O15498;O15498-2,P13,0.530729877275727,0.093246556877625,,,249,Synaptobrevin homolog YKT6,YKT6,71724559730,yes,,
O00303,P13,0.529873993807291,0.085234891226469,,,280,Eukaryotic translation initiation factor 3 subunit F,EIF3F,245347897510,yes,Translation factors,
Q8N2F6-3;Q8N2F6,P13,0.529431454040147,0.070420566379382,,,145,Armadillo repeat-containing protein 10,ARMC10,12222758200,yes,,
P46779,P13,0.528974376698686,0.094589762767186,,,268,60S ribosomal protein L28,RPL28,363125274450,yes,Ribosome 60S,
Q9BT78;Q9BT78-2,P13,0.528597602574059,0.07465692328397,,,246,COP9 signalosome complex subunit 4,COPS4,105906332595,yes,,
Q96A72,P13,0.527936428075476,0.080932272088393,,,277,Protein mago nashi homolog 2,MAGOHB,98220888200,yes,,
Q8N1F7;Q8N1F7-2,P13,0.527918666442814,0.086975124383913,,,277,Nuclear pore complex protein Nup93,NUP93,145436941000,yes,,
P55010,P13,0.52783547620915,0.105291737454811,,,273,Eukaryotic translation initiation factor 5,EIF5,110121075440,yes,Translation factors,
Q9UBC2;Q9UBC2-2;Q9UBC2-3;Q9UBC2-4,P13,0.527744755579311,0.076849943324884,,,249,Epidermal growth factor receptor substrate 15-like 1,EPS15L1,25460011110,yes,,
P30153,P13,0.527243286323471,0.087934226034009,,,293,Serine/threonine-protein phosphatase 2A 65 kDa regulatory subunit A alpha isoform,PPP2R1A,737763673420,yes,,
Q3ZCM7,P13,0.527037370828318,0.072314933227159,,,230,Tubulin beta-8 chain,TUBB8,182759142120,yes,Tubulins & tub. chaperones,
Q15717;Q15717-2,P13,0.527023717692872,0.076147512010424,,,291,ELAV-like protein 1,ELAVL1,217861083470,yes,,
P67775;P67775-2,P13,0.526489057787921,0.087444377633545,,,288,Serine/threonine-protein phosphatase 2A catalytic subunit alpha isoform,PPP2CA,241583461212,yes,,
P22314;P22314-2,P13,0.526294884053403,0.087088874768872,,,293,Ubiquitin-like modifier-activating enzyme 1,UBA1,1793680008000,yes,,
Q92823-4;Q92823;Q92823-5;Q92823-3;Q92823-6;Q92823-2,P13,0.526229934420829,0.078295897220877,,,82,Neuronal cell adhesion molecule,NRCAM,144110139440,yes,,
P55786,P13,0.52567111706328,0.077961397143199,,,287,Puromycin-sensitive aminopeptidase,NPEPPS,522248864850,yes,,
P61247,P13,0.525644717486705,0.094636092031464,,,289,40S ribosomal protein S3a,RPS3A,1037827190090,yes,Ribosome 40S,
P48454;P48454-3;P48454-2,P13,0.525160160136384,0.0484759088681,,,92,Serine/threonine-protein phosphatase 2B catalytic subunit gamma isoform,PPP3CC,767879650,yes,,
P63208;P63208-2,P13,0.525021533704638,0.076761541057896,,,244,S-phase kinase-associated protein 1,SKP1,88287315690,yes,,
Q13409-3;Q13409-6;Q13409-2;Q13409-7;Q13409;Q13409-5,P13,0.52463895948656,0.079527472567689,,,265,Cytoplasmic dynein 1 intermediate chain 2,DYNC1I2,102806499463,yes,,
Q4VC31,P13,0.524634908877242,0.08602281416342,,,198,Coiled-coil domain-containing protein 58,CCDC58,28824544477,yes,Uncharacterised,
Q15008;Q15008-4;Q15008-3;Q15008-2,P13,0.523813267255468,0.116060920341344,,,277,26S proteasome non-ATPase regulatory subunit 6,PSMD6,261955226460,yes,"Proteasome, regulatory",
Q8WXD5,P13,0.523566604930546,0.047123697159825,,,115,Gem-associated protein 6,GEMIN6,2897412220,yes,,
Q9UJY1,P13,0.523011306753419,0.062034757882669,,,82,Heat shock protein beta-8,HSPB8,3352034604,yes,,
P19338,P13,0.522885288545263,0.080504196244717,,,293,Nucleolin,NCL,2432922330000,yes,,
Q8NCW5;Q8NCW5-2,P13,0.522819271395842,0.086267125727658,,,219,NAD(P)H-hydrate epimerase,APOA1BP,89819757710,yes,,
Q01968-2;Q01968,P13,0.52251936384863,0.042933015360852,,,103,Inositol polyphosphate 5-phosphatase OCRL-1,OCRL,6918446931,yes,,
P05141,P13,0.522258134186846,0.089649797779327,,,278,"ADP/ATP translocase 2;ADP/ATP translocase 2, N-terminally processed",SLC25A5,1536526764501,yes,,
Q9GZZ1;Q9GZZ1-2,P13,0.522223087148604,0.102046518833892,,,222,N-alpha-acetyltransferase 50,NAA50,89419695460,yes,,
P62424,P13,0.521843792741295,0.090004463316646,,,281,60S ribosomal protein L7a,RPL7A,957092653910,yes,Ribosome 60S,
P46108,P13,0.521400464349949,0.077109917699673,,,224,Adapter molecule crk,CRK,109668500153,yes,,
P25398,P13,0.521297891154296,0.105892774239729,,,275,40S ribosomal protein S12,RPS12,601904780303,yes,Ribosome 40S,
Q8IWT0;Q8IWT0-2,P13,0.520928796372964,0.075053484673282,,,125,Protein archease,ZBTB8OS,2830471880,yes,,
Q9NPA0,P13,0.520541049213714,0.075688573285011,,,151,ER membrane protein complex subunit 7,EMC7,19892898790,yes,,
P06744,P13,0.520250158599973,0.077938566682667,,,292,Glucose-6-phosphate isomerase,GPI,1663739469400,yes,,
P55327-2;P55327-3;P55327;P55327-7,P13,0.520184403612033,0.079583973234985,,,201,Tumor protein D52,TPD52,63886375900,yes,,
P62310,P13,0.519707385424051,0.07978348481042,,,218,U6 snRNA-associated Sm-like protein LSm3,LSM3,29196634880,yes,LSm,
Q15435;Q15435-2;Q15435-3;Q15435-4,P13,0.519491840209654,0.105817130960901,,,259,Protein phosphatase 1 regulatory subunit 7,PPP1R7,91866353460,yes,,
Q9UMX0;Q9UMX0-2,P13,0.51948054152503,0.089192749013329,,,236,Ubiquilin-1,UBQLN1,80806598920,yes,,
P32969,P13,0.519032629157001,0.099208390583135,,,279,60S ribosomal protein L9,RPL9,548757267032,yes,Ribosome 60S,
Q9NQ88,P13,0.518792757623305,0.076571366301695,,,221,"Fructose-2,6-bisphosphatase TIGAR",TIGAR,66291289522,yes,,
Q96JG6,P13,0.518613656201302,0.066012824210128,,,161,Coiled-coil domain-containing protein 132,CCDC132,8828542388,yes,,
Q15631,P13,0.518460258259146,0.098895031619718,,,240,Translin,TSN,117967900401,yes,,
Q8WVJ2,P13,0.517780284682432,0.060870624101331,,,209,NudC domain-containing protein 2,NUDCD2,15808192120,yes,,
P62308;A8MWD9,P13,0.517778137341574,0.080091259617567,,,231,Small nuclear ribonucleoprotein G;Putative small nuclear ribonucleoprotein G-like protein 15,SNRPG;SNRPGP15,51996419860,yes,Sm,
P0DMV9;P0DMV8,P13,0.51776853065143,0.090912018552815,,,293,,,1995086686000,yes,,
P49589-3,P13,0.517750911156319,0.089716608491913,,,256,"Cysteine--tRNA ligase, cytoplasmic",CARS,123568890511,yes,,
Q86VP6;Q86VP6-2,P13,0.517428592918707,0.074325832320591,,,292,Cullin-associated NEDD8-dissociated protein 1,CAND1,810364877840,yes,,
P18077,P13,0.517342642596315,0.09564705246679,,,235,60S ribosomal protein L35a,RPL35A,181166150990,yes,Ribosome 60S,
O43324;O43324-2,P13,0.517307871105884,0.099033025178991,,,234,Eukaryotic translation elongation factor 1 epsilon-1,EEF1E1,80295374373,yes,,
Q96IK1,P13,0.51719654776824,0.036179342254778,,,37,Biorientation of chromosomes in cell division protein 1,BOD1,1699349290,yes,,
P61081,P13,0.516753387811605,0.072569586969443,,,288,NEDD8-conjugating enzyme Ubc12,UBE2M,105076709010,yes,,
Q15185-4;Q15185;Q15185-3,P13,0.51653380099657,0.10446329056158,,,284,Prostaglandin E synthase 3,PTGES3,350617360699,yes,,
Q02543,P13,0.516404780636767,0.101483868130684,,,278,60S ribosomal protein L18a,RPL18A,370775812760,yes,Ribosome 60S,
O75934,P13,0.516377015342922,0.081632327501473,,,245,Pre-mRNA-splicing factor SPF27,BCAS2,36617704810,yes,,
Q96Q11-2;Q96Q11,P13,0.516372343181521,0.105276691605201,,,242,"CCA tRNA nucleotidyltransferase 1, mitochondrial",TRNT1,30178679442,yes,,
P54760,P13,0.516319230117645,0.058315750809067,,,89,Ephrin type-B receptor 4,EPHB4,11621558430,yes,,
Q96GG9,P13,0.516246706655514,0.083639060646113,,,219,DCN1-like protein 1,DCUN1D1,27505179910,yes,,
O00232;O00232-2,P13,0.51596884806191,0.110334197414827,,,283,26S proteasome non-ATPase regulatory subunit 12,PSMD12,158478768160,yes,"Proteasome, regulatory",
Q8TEA8,P13,0.515951295386096,0.087708030956882,,,205,D-tyrosyl-tRNA(Tyr) deacylase 1,DTD1,25860878562,yes,,
Q8N6M3,P13,0.515659466528825,0.044247044114951,,,45,Fat storage-inducing transmembrane protein 2,FITM2,843886490,yes,,
O15530;O15530-3;O15530-4;O15530-5;Q6A1A2,P13,0.515574511170913,0.0728225447209,,,169,3-phosphoinositide-dependent protein kinase 1;Putative 3-phosphoinositide-dependent protein kinase 2,PDPK1;PDPK2,6693388705,yes,,
Q9NZD2,P13,0.51524734378414,0.082559393338052,,,178,Glycolipid transfer protein,GLTP,21595453920,yes,,
Q96EY1,P13,0.515150814147932,0.096403472457524,,,233,"DnaJ homolog subfamily A member 3, mitochondrial",DNAJA3,42784139338,yes,,
Q9UKS6,P13,0.514925669172144,0.046242289279763,,,104,Protein kinase C and casein kinase substrate in neurons protein 3,PACSIN3,10493876970,yes,,
P08621;P08621-2;P08621-3,P13,0.514823422657954,0.082010575943482,,,275,U1 small nuclear ribonucleoprotein 70 kDa,SNRNP70,179738412220,yes,,
Q96F85;Q96F85-2,P13,0.514710203998392,0.052229532065002,,,42,CB1 cannabinoid receptor-interacting protein 1,CNRIP1,9761316750,yes,,
O96019;O96019-2,P13,0.51461212712434,0.077236115646139,,,271,Actin-like protein 6A,ACTL6A,75070758950,yes,,
Q9UMY4-2;Q9UMY4;Q9UMY4-3,P13,0.514537342153567,0.103784920551777,,,226,Sorting nexin-12,SNX12,49272781760,yes,,
Q96DH6-2,P13,0.514396937915401,0.054460837531402,,,121,RNA-binding protein Musashi homolog 2,MSI2,4711307846,yes,,
P62979,P13,0.514287519219055,0.069580398413041,,,294,Ubiquitin-40S ribosomal protein S27a;Ubiquitin;40S ribosomal protein S27a,RPS27A,2767997522000,yes,,
Q99584,P13,0.514210796499069,0.066932590546042,,,140,Protein S100-A13,S100A13,148891619738,yes,,
P53990-2;P53990-3,P13,0.514161516630673,0.085475740198541,,,234,IST1 homolog,IST1,52121746850,yes,,
Q9NP97,P13,0.513999587143394,0.081538592630228,,,203,Dynein light chain roadblock-type 1,DYNLRB1,41871388470,yes,,
Q13838;Q13838-2,P13,0.513988278379383,0.089731391182724,,,294,Spliceosome RNA helicase DDX39B,DDX39B,694826236509,yes,,
Q9BQE3,P13,0.513641817984674,0.072294298687785,,,238,Tubulin alpha-1C chain,TUBA1C,77001770300,yes,Tubulins & tub. chaperones,
P55039,P13,0.513634507435187,0.070571142313734,,,200,Developmentally-regulated GTP-binding protein 2,DRG2,27912422932,yes,,
P41214;P41214-2,P13,0.513560805416574,0.065842679314916,,,166,Eukaryotic translation initiation factor 2D,EIF2D,7704730363,yes,Translation factors,
P62899;P62899-3;P62899-2,P13,0.513334030778805,0.104303435965721,,,252,60S ribosomal protein L31,RPL31,378080464010,yes,Ribosome 60S,
P49770,P13,0.513109001471528,0.060888489419541,,,207,Translation initiation factor eIF-2B subunit beta,EIF2B2,30844645050,yes,,
P62714,P13,0.512877245103591,0.053078511188238,,,61,Serine/threonine-protein phosphatase 2A catalytic subunit beta isoform,PPP2CB,6377405600,yes,,
P78537;P78537-2,P13,0.51286817225185,0.075163349286259,,,138,Biogenesis of lysosome-related organelles complex 1 subunit 1,BLOC1S1,3777314342,yes,,
P41250,P13,0.512810768420665,0.100176816647286,,,282,Glycine--tRNA ligase,GARS,659649732392,yes,,
P23396,P13,0.51207793710228,0.094286954560341,,,294,40S ribosomal protein S3,RPS3,1378033045100,yes,Ribosome 40S,
P17066,P13,0.51195501820231,0.071389447812012,,,274,Heat shock 70 kDa protein 6,HSPA6,517322905580,yes,Heat shock proteins,
Q16878,P13,0.511911150872094,0.062971412185543,,,204,Cysteine dioxygenase type 1,CDO1,55804992900,yes,,
P84090,P13,0.511797457492457,0.09275412910647,,,272,Enhancer of rudimentary homolog,ERH,154699185850,yes,,
Q9P2D0;Q9P2D0-2,P13,0.511448267473126,0.053359238052924,,,72,Inhibitor of Bruton tyrosine kinase,IBTK,3376193131,yes,,
Q96MW1;Q96MW1-2,P13,0.511445247335012,0.061944380500422,,,162,Coiled-coil domain-containing protein 43,CCDC43,6890116513,yes,,
Q04837,P13,0.511175889705617,0.099601352805751,,,266,"Single-stranded DNA-binding protein, mitochondrial",SSBP1,267475227482,yes,,
Q9BRT3,P13,0.510836377534407,0.074078434993452,,,141,Migration and invasion enhancer 1,MIEN1,6034184970,yes,,
Q8NFH3;Q8NFH3-2,P13,0.510703141266685,0.085781839188289,,,243,Nucleoporin Nup43,NUP43,18223504020,yes,,
P50570-4,P13,0.510460726398641,0.06421004623886,,,99,Dynamin-2,DNM2,833246919,yes,,
P11441,P13,0.510441579074955,0.083490522307717,,,181,Ubiquitin-like protein 4A,UBL4A,16186866385,yes,,
P62166;P62166-2,P13,0.51020148420225,0.056007041557681,,,48,Neuronal calcium sensor 1,NCS1,3647950300,yes,,
P19105,P13,0.510001916030563,0.05710726292893,,,31,Myosin regulatory light chain 12A,MYL12A,5187489600,yes,,
P18124,P13,0.509840887512807,0.102955320584085,,,275,60S ribosomal protein L7,RPL7,1039956422620,yes,Ribosome 60S,
Q96FN9,P13,0.509816743376831,0.037895262340832,,,45,Probable D-tyrosyl-tRNA(Tyr) deacylase 2,DTD2,1107575777,yes,,
E9PAV3;Q13765;E9PAV3-2,P13,0.509421259875733,0.095343586845477,,,256,"Nascent polypeptide-associated complex subunit alpha, muscle-specific form;Nascent polypeptide-associated complex subunit alpha",NACA,276492656600,yes,,
O60573,P13,0.509350759319365,0.094319466635097,,,182,Eukaryotic translation initiation factor 4E type 2,EIF4E2,9900843294,yes,Translation factors,
P29401;P29401-2,P13,0.509312432163148,0.074380210475294,,,294,Transketolase,TKT,3457264376000,yes,,
P62826,P13,0.509219006838995,0.103075213828337,,,294,GTP-binding nuclear protein Ran,RAN,1457257476700,yes,,
Q8NEJ9-2;Q8NEJ9,P13,0.509042560885946,0.059324362122469,,,161,Neuroguidin,NGDN,8263465090,yes,,
Q8N1G4,P13,0.508912146258863,0.080884733799036,,,271,Leucine-rich repeat-containing protein 47,LRRC47,101781651604,yes,,
O43776,P13,0.508592786048799,0.099265141033847,,,287,"Asparagine--tRNA ligase, cytoplasmic",NARS,344641250290,yes,,
Q96QG7;Q96QG7-2,P13,0.508505827487605,0.061591600926724,,,134,Myotubularin-related protein 9,MTMR9,4636875295,yes,,
Q01650,P13,0.508127715396018,0.086107939544993,,,227,Large neutral amino acids transporter small subunit 1,SLC7A5,39162509049,yes,,
P35998;P35998-2,P13,0.508103509247671,0.116894102918071,,,287,26S protease regulatory subunit 7,PSMC2,282952637650,yes,"Proteasome, regulatory",
Q96K17,P13,0.508070076721739,0.076476242279099,,,190,Transcription factor BTF3 homolog 4,BTF3L4,44109273210,yes,,
P62136,P13,0.507862300010684,0.100759252812312,,,293,Serine/threonine-protein phosphatase PP1-alpha catalytic subunit,PPP1CA,553022332770,yes,,
Q06124;Q06124-2;Q06124-3,P13,0.507797428868806,0.09878805102048,,,256,Tyrosine-protein phosphatase non-receptor type 11,PTPN11,66158248591,yes,,
P27348,P13,0.507657842225293,0.091878118649939,,,294,14-3-3 protein theta,YWHAQ,813532785100,yes,,
Q8TAA9-2;Q8TAA9,P13,0.507494860456596,0.044406015845344,,,58,Vang-like protein 1,VANGL1,2769192330,yes,,
O14980,P13,0.507360009356959,0.085411983200915,,,289,Exportin-1,XPO1,585855306000,yes,Nuclear import/export,
Q9Y5S9,P13,0.507191955035671,0.088154058164013,,,269,RNA-binding protein 8A,RBM8A,84142688150,yes,,
Q5GJ75,P13,0.507153129775863,0.06064135210529,,,31,Tumor necrosis factor alpha-induced protein 8-like protein 3,TNFAIP8L3,11947757000,yes,,
P55287;P55287-2,P13,0.507042353154651,0.056750758509001,,,44,Cadherin-11,CDH11,3557818470,yes,,
P62937-2,P13,0.506925760837442,0.026176998112213,,,45,"Peptidyl-prolyl cis-trans isomerase A;Peptidyl-prolyl cis-trans isomerase A, N-terminally processed",PPIA,3222456560,yes,,
Q13595;Q13595-4;Q13595-3;Q13595-2,P13,0.506879976352368,0.078940769045675,,,225,Transformer-2 protein homolog alpha,TRA2A,25171711240,yes,,
P12081;P12081-4;P12081-2;P12081-3,P13,0.50687089329834,0.11241960830103,,,267,"Histidine--tRNA ligase, cytoplasmic",HARS,205572838140,yes,,
O95295,P13,0.506867263746375,0.08474021971455,,,163,SNARE-associated protein Snapin,SNAPIN,9065979793,yes,,
O75832;O75832-2,P13,0.506665284456497,0.11521851678256,,,240,26S proteasome non-ATPase regulatory subunit 10,PSMD10,53761337150,yes,"Proteasome, regulatory",
O14653;O14653-2;O14653-3,P13,0.506492352591228,0.07287757530628,,,165,Golgi SNAP receptor complex member 2,GOSR2,28708291850,yes,,
P43686;P43686-2,P13,0.506460239618518,0.116932147538359,,,276,26S protease regulatory subunit 6B,PSMC4,181638661972,yes,"Proteasome, regulatory",
Q9GZL7,P13,0.506442178619458,0.073441029482375,,,231,Ribosome biogenesis protein WDR12,WDR12,30980361300,yes,,
Q7Z4H3,P13,0.506440633625397,0.059826232654449,,,146,HD domain-containing protein 2,HDDC2,12815176150,yes,,
P61353,P13,0.506357859257352,0.10457983668811,,,276,60S ribosomal protein L27,RPL27,465860438973,yes,Ribosome 60S,
Q9H832;Q9H832-2,P13,0.50631955006224,0.067213059020032,,,195,Ubiquitin-conjugating enzyme E2 Z,UBE2Z,29422029702,yes,,
Q9Y5K8,P13,0.506162329843523,0.086692915253451,,,175,V-type proton ATPase subunit D,ATP6V1D,15826322770,yes,,
Q96GX9;Q96GX9-3,P13,0.506137229457401,0.07344536976322,,,177,Methylthioribulose-1-phosphate dehydratase,APIP,9876083584,yes,,
Q8N5C1,P13,0.506102956482756,0.049926387849793,,,30,Protein FAM26E,FAM26E,915396840,yes,,
O60256;O60256-2,P13,0.506031302934238,0.073053151971083,,,220,Phosphoribosyl pyrophosphate synthase-associated protein 2,PRPSAP2,41155291240,yes,,
Q5T4S7-3;Q5T4S7;Q5T4S7-4;Q5T4S7-2,P13,0.506018105289422,0.095883910017117,,,260,E3 ubiquitin-protein ligase UBR4,UBR4,115641041820,yes,,
Q92817,P13,0.505823443243042,0.065866861661386,,,198,Envoplakin,EVPL,14105218739,yes,,
O00165;O00165-2;O00165-5;O00165-3,P13,0.505708404952514,0.086821504771332,,,156,HCLS1-associated protein X-1,HAX1,6610495836,yes,,
Q8WUH2,P13,0.505618645185547,0.057199674093944,,,120,Transforming growth factor-beta receptor-associated protein 1,TGFBRAP1,1705360080,yes,,
Q9BQK8-2,P13,0.505583750169161,0.04822369390373,,,79,Phosphatidate phosphatase LPIN3,LPIN3,2111517900,yes,,
Q12765;Q12765-2;Q12765-3,P13,0.505345808030541,0.082689297688372,,,225,Secernin-1,SCRN1,75912851093,yes,,
P41252,P13,0.505327019048499,0.083469407409705,,,286,"Isoleucine--tRNA ligase, cytoplasmic",IARS,431467005700,yes,,
P62913,P13,0.50527284884127,0.093656594626702,,,289,60S ribosomal protein L11,RPL11,539828951700,yes,Ribosome 60S,
Q8N668;Q8N668-2,P13,0.50514308647579,0.076236935259289,,,151,COMM domain-containing protein 1,COMMD1,10029955420,yes,,
P11172;P11172-3,P13,0.50508152970329,0.084654540216999,,,246,Uridine 5-monophosphate synthase;Orotate phosphoribosyltransferase;Orotidine 5-phosphate decarboxylase,UMPS,95412830630,yes,,
Q7L3B6,P13,0.504914865732633,0.044543543554667,,,69,Hsp90 co-chaperone Cdc37-like 1,CDC37L1,713466660,yes,,
Q86U90,P13,0.504856282590164,0.069357695481451,,,154,"YrdC domain-containing protein, mitochondrial",YRDC,3763853670,yes,,
Q7L266,P13,0.50480054663469,0.069473584269408,,,88,Isoaspartyl peptidase/L-asparaginase;Isoaspartyl peptidase/L-asparaginase alpha chain;Isoaspartyl peptidase/L-asparaginase beta chain,ASRGL1,4685734010,yes,,
P51116,P13,0.504703312714837,0.059545777157902,,,207,Fragile X mental retardation syndrome-related protein 2,FXR2,5342133538,yes,,
P53701,P13,0.504679019632788,0.070692290544938,,,170,Cytochrome c-type heme lyase,HCCS,19884040360,yes,,
Q13242,P13,0.504594175662551,0.080672056372209,,,270,Serine/arginine-rich splicing factor 9,SRSF9,79484102830,yes,,
P17980,P13,0.50458710932971,0.117502198949083,,,282,26S protease regulatory subunit 6A,PSMC3,246401870100,yes,"Proteasome, regulatory",
Q05639,P13,0.504562004314852,0.082573768772554,,,180,Elongation factor 1-alpha 2,EEF1A2,187856839410,yes,Translation factors,
O43172-2;O43172,P13,0.504417386795053,0.089659432053254,,,271,U4/U6 small nuclear ribonucleoprotein Prp4,PRPF4,78436849720,yes,,
P15882-3;P15882,P13,0.504367118300878,0.039733441436366,,,78,N-chimaerin,CHN1,6606778936,yes,,
P53365;P53365-3;P53365-2,P13,0.504264870926563,0.059389661410483,,,186,Arfaptin-2,ARFIP2,8190542547,yes,,
P52907,P13,0.503872550211613,0.100887811816745,,,291,F-actin-capping protein subunit alpha-1,CAPZA1,394779965130,yes,,
P14866;P14866-2,P13,0.503663928855762,0.085147326106489,,,293,Heterogeneous nuclear ribonucleoprotein L,HNRNPL,611553343670,yes,hnRNPs,
P10599;P10599-2,P13,0.503372087360857,0.109820315943215,,,281,Thioredoxin,TXN,563869289870,yes,,
Q9NXF1-2;Q9NXF1,P13,0.503358820841661,0.069385124456145,,,216,Testis-expressed sequence 10 protein,TEX10,24063616990,yes,,
Q15291;Q15291-2,P13,0.503342964854464,0.072834344517481,,,195,Retinoblastoma-binding protein 5,RBBP5,10935662935,yes,,
O15116,P13,0.503276297856314,0.107268113376314,,,210,U6 snRNA-associated Sm-like protein LSm1,LSM1,20810059480,yes,,
Q9Y3F4;Q9Y3F4-2,P13,0.503254372328187,0.098331692150706,,,283,Serine-threonine kinase receptor-associated protein,STRAP,331614264493,yes,,
P62633-2;P62633;P62633-7,P13,0.503162010990502,0.083690769794116,,,236,Cellular nucleic acid-binding protein,CNBP,71583551410,yes,,
P08579,P13,0.50312112741191,0.077715532466561,,,235,U2 small nuclear ribonucleoprotein B,SNRPB2,45047213394,yes,,
Q8N1B4;Q8N1B4-2,P13,0.503061479447441,0.070605788537353,,,184,Vacuolar protein sorting-associated protein 52 homolog,VPS52,11316592630,yes,,
P61956-2;P61956,P13,0.502479994011772,0.083083974573722,,,280,Small ubiquitin-related modifier 2,SUMO2,172348602980,yes,,
Q9P2T1,P13,0.502478039779996,0.083642850600017,,,202,GMP reductase 2,GMPR2,26066581401,yes,,
Q9UMS4,P13,0.502475203718341,0.09080565101588,,,288,Pre-mRNA-processing factor 19,PRPF19,259501861300,yes,,
P49207,P13,0.502470484229316,0.09699867754585,,,245,60S ribosomal protein L34,RPL34,146733677260,yes,Ribosome 60S,
P12814,P13,0.502464293885286,0.060956014634385,,,77,Alpha-actinin-1,ACTN1,9421490612,yes,,
Q9UL26,P13,0.502375739669856,0.080386876366073,,,158,Ras-related protein Rab-22A,RAB22A,8172746650,yes,,
P04075;P04075-2,P13,0.502318190043163,0.0941486178954,,,294,Fructose-bisphosphate aldolase A,ALDOA,4397568188900,yes,,
P19022;P19022-2,P13,0.502310761790734,0.058441688974973,,,57,Cadherin-2,CDH2,14621670209,yes,,
Q9BQ24;Q9BQ24-2,P13,0.502136148752597,0.040451893860156,,,40,Zinc finger FYVE domain-containing protein 21,ZFYVE21,940080700,yes,,
P51114;P51114-3,P13,0.502127291724174,0.084749831611769,,,271,Fragile X mental retardation syndrome-related protein 1,FXR1,86285717380,yes,,
Q14139;Q14139-2,P13,0.501854077081428,0.066910243893898,,,210,Ubiquitin conjugation factor E4 A,UBE4A,22384405902,yes,,
A6ZKI3,P13,0.50180459111279,0.055147707115278,,,106,Protein FAM127A,FAM127A,4321624020,yes,,
P05198,P13,0.50178911422733,0.094904539340895,,,290,Eukaryotic translation initiation factor 2 subunit 1,EIF2S1,301468774330,yes,Translation factors,
P62312,P13,0.501647441699829,0.077619771299378,,,198,U6 snRNA-associated Sm-like protein LSm6,LSM6,30093853720,yes,LSm,
P62266,P13,0.501489836252362,0.106742324298643,,,279,40S ribosomal protein S23,RPS23,233460652120,yes,Ribosome 40S,
P23528,P13,0.501406030672608,0.092019094487566,,,294,Cofilin-1,CFL1,3001383499300,yes,,
P83916,P13,0.501379185865549,0.076593624495631,,,244,Chromobox protein homolog 1,CBX1,29672013410,yes,,
Q969G6,P13,0.501189576443229,0.036277826585695,,,81,Riboflavin kinase,RFK,7960426700,yes,,
P52943;P52943-2,P13,0.500346084458853,0.057208121711453,,,169,Cysteine-rich protein 2,CRIP2,181009304190,yes,,
O95379-3,P13,0.500084630470846,0.063436021434514,,,135,Tumor necrosis factor alpha-induced protein 8,TNFAIP8,5001946940,yes,,
Q16890-5;Q16890;Q16890-2;Q16890-4;Q16890-3,P13,0.500013395377533,0.051835046983998,,,46,Tumor protein D53,TPD52L1,26313406070,yes,,
